{
    "engine": "datafusion-python",
    "datafusion-version": "40.1.0",
    "benchmark": "tpch",
    "data_path": "/mnt/bigdata/tpch/sf100",
    "query_path": "../../tpch/queries/",
    "1": [
        5.120208740234375
    ],
    "2": [
        3.7675418853759766
    ],
    "3": [
        5.07387113571167
    ],
    "4": [
        1.9587907791137695
    ],
    "5": [
        8.816755771636963
    ],
    "6": [
        1.0937256813049316
    ],
    "7": [
        17.575931549072266
    ],
    "8": [
        8.337157964706421
    ],
    "9": [
        17.257150411605835
    ],
    "10": [
        7.945651292800903
    ],
    "11": [
        2.7080790996551514
    ],
    "12": [
        1.7468397617340088
    ],
    "13": [
        5.695569276809692
    ],
    "14": [
        2.0220673084259033
    ],
    "15": [
        4.112257719039917
    ],
    "16": [
        1.9162819385528564
    ],
    "17": [
        21.812944650650024
    ],
    "18": [
        23.510076999664307
    ],
    "19": [
        2.842766761779785
    ],
    "20": [
        7.717615842819214
    ],
    "21": [
        19.96519947052002
    ],
    "22": [
        1.0273211002349854
    ]
}