{
  "engine": "comet",
  "benchmark": "tpcds",
  "format": "parquet",
  "arch": "unknown",
  "tags": {
    "name": "tpcds",
    "codec": "zstd",
    "engine": "comet",
    "format": "parquet",
    "shuffle": "auto",
    "comet_exec": "all",
    "scale_factor": "1000",
    "spark_profile": "3.5_2.12"
  },
  "1": [
    5.1795
  ],
  "2": [
    5.5120000000000005
  ],
  "3": [
    1.6395
  ],
  "4": [
    28.048499999999997
  ],
  "5": [
    5.8245000000000005
  ],
  "6": [
    1.788
  ],
  "7": [
    2.832
  ],
  "8": [
    1.9335
  ],
  "9": [
    9.186
  ],
  "10": [
    3.1355
  ],
  "11": [
    14.4275
  ],
  "12": [
    1.3115
  ],
  "13": [
    3.0445
  ],
  "15": [
    2.0875
  ],
  "16": [
    7.5585
  ],
  "17": [
    3.8885
  ],
  "18": [
    4.176
  ],
  "19": [
    1.7650000000000001
  ],
  "20": [
    1.222
  ],
  "21": [
    1.05
  ],
  "22": [
    2.936
  ],
  "25": [
    2.9595000000000002
  ],
  "26": [
    1.722
  ],
  "27": [
    2.704
  ],
  "28": [
    10.931000000000001
  ],
  "29": [
    6.866
  ],
  "30": [
    2.6035000000000004
  ],
  "31": [
    5.3685
  ],
  "32": [
    0.928
  ],
  "33": [
    1.484
  ],
  "34": [
    1.8795000000000002
  ],
  "35": [
    5.1385
  ],
  "36": [
    2.67
  ],
  "37": [
    2.474
  ],
  "38": [
    7.744
  ],
  "40": [
    3.1055
  ],
  "41": [
    0.4105
  ],
  "42": [
    0.7605
  ],
  "43": [
    1.9024999999999999
  ],
  "44": [
    6.7085
  ],
  "45": [
    1.998
  ],
  "46": [
    3.548
  ],
  "47": [
    5.522
  ],
  "48": [
    2.217
  ],
  "49": [
    4.5725
  ],
  "50": [
    18.654
  ],
  "51": [
    8.218
  ],
  "52": [
    0.89
  ],
  "53": [
    2.2885
  ],
  "54": [
    5.673
  ],
  "55": [
    1.1235
  ],
  "56": [
    1.5915
  ],
  "57": [
    4.1205
  ],
  "58": [
    1.3315000000000001
  ],
  "59": [
    8.3505
  ],
  "60": [
    1.741
  ],
  "61": [
    1.7810000000000001
  ],
  "62": [
    3.405
  ],
  "63": [
    1.9024999999999999
  ],
  "64": [
    13.6375
  ],
  "65": [
    6.718
  ],
  "66": [
    2.86
  ],
  "67": [
    38.2625
  ],
  "68": [
    5.2355
  ],
  "69": [
    2.375
  ],
  "70": [
    4.8575
  ],
  "71": [
    1.319
  ],
  "72": [
    10.3335
  ],
  "73": [
    1.205
  ],
  "74": [
    10.2715
  ],
  "75": [
    17.2075
  ],
  "76": [
    7.3555
  ],
  "77": [
    1.452
  ],
  "78": [
    22.3005
  ],
  "79": [
    2.1355
  ],
  "80": [
    5.6899999999999995
  ],
  "81": [
    3.8565000000000005
  ],
  "82": [
    3.6550000000000002
  ],
  "83": [
    1.012
  ],
  "84": [
    2.3385
  ],
  "85": [
    4.9245
  ],
  "86": [
    1.52
  ],
  "87": [
    7.6884999999999994
  ],
  "88": [
    20.369999999999997
  ],
  "89": [
    1.9765
  ],
  "90": [
    3.0755
  ],
  "91": [
    3.1205
  ],
  "92": [
    1.0354999999999999
  ],
  "93": [
    23.848
  ],
  "94": [
    5.6185
  ],
  "95": [
    22.183500000000002
  ],
  "96": [
    4.0295000000000005
  ],
  "97": [
    5.724
  ],
  "98": [
    1.5735000000000001
  ],
  "99": [
    3.9865000000000004
  ],
  "14a": [
    34.26049999999999
  ],
  "14b": [
    32.920500000000004
  ],
  "23a": [
    41.715
  ],
  "23b": [
    57.44
  ],
  "24a": [
    26.122
  ],
  "24b": [
    26.015500000000003
  ],
  "39a": [
    8.402999999999999
  ],
  "39b": [
    7.2705
  ]
}