{
  "engine": "comet",
  "benchmark": "tpcds",
  "format": "parquet",
  "arch": "unknown",
  "tags": {
    "name": "tpcds",
    "codec": "zstd",
    "engine": "comet",
    "format": "parquet",
    "shuffle": "auto",
    "comet_exec": "all",
    "scale_factor": "1000",
    "spark_profile": "3.5_2.12"
  },
  "1": [
    7.167
  ],
  "2": [
    13.923
  ],
  "3": [
    4.2364999999999995
  ],
  "4": [
    43.514
  ],
  "5": [
    16.4775
  ],
  "6": [
    4.067
  ],
  "7": [
    8.856
  ],
  "8": [
    3.09
  ],
  "9": [
    42.6285
  ],
  "10": [
    4.7945
  ],
  "11": [
    16.853
  ],
  "12": [
    2.0755
  ],
  "13": [
    8.653
  ],
  "15": [
    2.9574999999999996
  ],
  "16": [
    16.53
  ],
  "17": [
    5.3765
  ],
  "18": [
    5.1055
  ],
  "19": [
    2.1015
  ],
  "20": [
    2.058
  ],
  "21": [
    1.8235000000000001
  ],
  "22": [
    9.503499999999999
  ],
  "25": [
    4.1765
  ],
  "26": [
    5.429
  ],
  "27": [
    6.763999999999999
  ],
  "28": [
    44.5585
  ],
  "29": [
    13.5135
  ],
  "30": [
    3.671
  ],
  "31": [
    6.894
  ],
  "32": [
    1.669
  ],
  "33": [
    3.0945
  ],
  "34": [
    4.410500000000001
  ],
  "35": [
    6.3294999999999995
  ],
  "36": [
    5.4935
  ],
  "37": [
    10.256
  ],
  "38": [
    13.1195
  ],
  "40": [
    6.274
  ],
  "41": [
    1.272
  ],
  "42": [
    1.3410000000000002
  ],
  "43": [
    4.9745
  ],
  "44": [
    26.9015
  ],
  "45": [
    2.5075000000000003
  ],
  "46": [
    6.579000000000001
  ],
  "47": [
    8.629
  ],
  "48": [
    8.0245
  ],
  "49": [
    10.067499999999999
  ],
  "50": [
    33.194
  ],
  "51": [
    11.3055
  ],
  "52": [
    1.297
  ],
  "53": [
    5.3425
  ],
  "54": [
    3.349
  ],
  "55": [
    1.2945
  ],
  "56": [
    3.0195
  ],
  "57": [
    5.2780000000000005
  ],
  "58": [
    2.798
  ],
  "59": [
    18.6845
  ],
  "60": [
    3.419
  ],
  "61": [
    3.394
  ],
  "62": [
    10.23
  ],
  "63": [
    5.6935
  ],
  "64": [
    42.333
  ],
  "65": [
    12.4815
  ],
  "66": [
    4.963
  ],
  "67": [
    62.204499999999996
  ],
  "68": [
    3.158
  ],
  "69": [
    4.324
  ],
  "70": [
    11.595500000000001
  ],
  "71": [
    2.0025
  ],
  "72": [
    14.5035
  ],
  "73": [
    2.148
  ],
  "74": [
    14.9735
  ],
  "75": [
    20.9365
  ],
  "76": [
    18.448
  ],
  "77": [
    1.707
  ],
  "78": [
    33.5505
  ],
  "79": [
    4.267
  ],
  "80": [
    9.6695
  ],
  "81": [
    4.689
  ],
  "82": [
    16.3265
  ],
  "83": [
    1.831
  ],
  "84": [
    3.6265
  ],
  "85": [
    6.4815000000000005
  ],
  "86": [
    4.405
  ],
  "87": [
    13.663
  ],
  "88": [
    58.489999999999995
  ],
  "89": [
    5.5785
  ],
  "90": [
    21.299
  ],
  "91": [
    2.094
  ],
  "92": [
    1.9665
  ],
  "93": [
    46.0995
  ],
  "94": [
    13.7265
  ],
  "95": [
    29.724
  ],
  "96": [
    12.8995
  ],
  "97": [
    14.062000000000001
  ],
  "98": [
    2.3645
  ],
  "99": [
    12.163
  ],
  "14a": [
    53.1815
  ],
  "14b": [
    44.912
  ],
  "23a": [
    91.458
  ],
  "23b": [
    112.96950000000001
  ],
  "24a": [
    49.903499999999994
  ],
  "24b": [
    48.6445
  ],
  "39a": [
    5.496
  ],
  "39b": [
    5.5565
  ]
}