{
    "engine": "datafusion-python",
    "datafusion-version": "38.0.1",
    "benchmark": "tpch",
    "data_path": "/mnt/bigdata/tpch/sf100/",
    "query_path": "../../tpch/queries/",
    "1": [
        7.410699844360352
    ],
    "2": [
        2.966364622116089
    ],
    "3": [
        3.988652467727661
    ],
    "4": [
        1.8821499347686768
    ],
    "5": [
        6.957948684692383
    ],
    "6": [
        1.779731273651123
    ],
    "7": [
        14.559604167938232
    ],
    "8": [
        7.062309265136719
    ],
    "9": [
        14.908353805541992
    ],
    "10": [
        7.73533296585083
    ],
    "11": [
        2.346423387527466
    ],
    "12": [
        2.7248904705047607
    ],
    "13": [
        6.38663387298584
    ],
    "14": [
        2.4675676822662354
    ],
    "15": [
        4.799000024795532
    ],
    "16": [
        1.9091999530792236
    ],
    "17": [
        19.230653762817383
    ],
    "18": [
        25.15683078765869
    ],
    "19": [
        4.2268781661987305
    ],
    "20": [
        8.66620659828186
    ],
    "21": [
        17.696006059646606
    ],
    "22": [
        1.3805692195892334
    ]
}