{
  "engine": "comet",
  "benchmark": "tpcds",
  "format": "parquet",
  "arch": "unknown",
  "tags": {
    "name": "tpcds",
    "codec": "zstd",
    "engine": "comet",
    "format": "parquet",
    "shuffle": "auto",
    "comet_exec": "all",
    "scale_factor": "1000",
    "spark_profile": "3.5_2.12"
  },
  "1": [
    7.220000000000001
  ],
  "2": [
    5.5635
  ],
  "3": [
    3.2104999999999997
  ],
  "4": [
    48.129999999999995
  ],
  "5": [
    6.2745
  ],
  "6": [
    1.9304999999999999
  ],
  "7": [
    7.42
  ],
  "8": [
    2.644
  ],
  "9": [
    9.9525
  ],
  "10": [
    4.0455000000000005
  ],
  "11": [
    20.5745
  ],
  "12": [
    1.5710000000000002
  ],
  "13": [
    8.305499999999999
  ],
  "15": [
    2.293
  ],
  "16": [
    6.834
  ],
  "17": [
    5.15
  ],
  "18": [
    4.7525
  ],
  "19": [
    1.9245
  ],
  "20": [
    1.529
  ],
  "21": [
    1.4005
  ],
  "22": [
    8.411000000000001
  ],
  "25": [
    4.8605
  ],
  "26": [
    3.6575
  ],
  "27": [
    6.09
  ],
  "28": [
    11.378499999999999
  ],
  "29": [
    12.758
  ],
  "30": [
    3.346
  ],
  "31": [
    7.4355
  ],
  "32": [
    1.2095
  ],
  "33": [
    3.035
  ],
  "34": [
    4.402
  ],
  "35": [
    6.5415
  ],
  "36": [
    5.6705000000000005
  ],
  "37": [
    3.2424999999999997
  ],
  "38": [
    11.7975
  ],
  "40": [
    3.5564999999999998
  ],
  "41": [
    0.4645
  ],
  "42": [
    0.9555
  ],
  "43": [
    4.8149999999999995
  ],
  "44": [
    7.016
  ],
  "45": [
    2.567
  ],
  "46": [
    6.1690000000000005
  ],
  "47": [
    7.805999999999999
  ],
  "48": [
    6.811999999999999
  ],
  "49": [
    4.8355
  ],
  "50": [
    21.1985
  ],
  "51": [
    10.940000000000001
  ],
  "52": [
    1.0964999999999998
  ],
  "53": [
    5.8635
  ],
  "54": [
    3.2199999999999998
  ],
  "55": [
    1.0135
  ],
  "56": [
    2.948
  ],
  "57": [
    5.361000000000001
  ],
  "58": [
    2.4905
  ],
  "59": [
    7.554
  ],
  "60": [
    3.2135
  ],
  "61": [
    2.383
  ],
  "62": [
    3.6390000000000002
  ],
  "63": [
    4.607
  ],
  "64": [
    23.2
  ],
  "65": [
    13.316500000000001
  ],
  "66": [
    5.2635000000000005
  ],
  "67": [
    62.164500000000004
  ],
  "68": [
    6.563000000000001
  ],
  "69": [
    3.784
  ],
  "70": [
    9.7715
  ],
  "71": [
    1.9004999999999999
  ],
  "72": [
    10.899999999999999
  ],
  "73": [
    1.709
  ],
  "74": [
    17.8455
  ],
  "75": [
    18.0295
  ],
  "76": [
    7.417
  ],
  "77": [
    1.7635
  ],
  "78": [
    32.436
  ],
  "79": [
    3.9115
  ],
  "80": [
    6.602
  ],
  "81": [
    5.242
  ],
  "82": [
    5.0135000000000005
  ],
  "83": [
    1.5425
  ],
  "84": [
    1.734
  ],
  "85": [
    5.2865
  ],
  "86": [
    2.8755
  ],
  "87": [
    13.177
  ],
  "88": [
    21.369
  ],
  "89": [
    4.142
  ],
  "90": [
    3.5090000000000003
  ],
  "91": [
    1.302
  ],
  "92": [
    1.104
  ],
  "93": [
    25.0165
  ],
  "94": [
    5.6465
  ],
  "95": [
    22.176499999999997
  ],
  "96": [
    4.4205000000000005
  ],
  "97": [
    12.806000000000001
  ],
  "98": [
    2.0945
  ],
  "99": [
    3.9445
  ],
  "14a": [
    51.093999999999994
  ],
  "14b": [
    44.180499999999995
  ],
  "23a": [
    64.36500000000001
  ],
  "23b": [
    76.929
  ],
  "24a": [
    26.692
  ],
  "24b": [
    26.1125
  ],
  "39a": [
    8.219
  ],
  "39b": [
    7.592499999999999
  ]
}