{
  "engine": "comet",
  "benchmark": "tpcds",
  "format": "parquet",
  "arch": "unknown",
  "tags": {
    "name": "tpcds",
    "codec": "zstd",
    "engine": "comet",
    "format": "parquet",
    "shuffle": "auto",
    "comet_exec": "all",
    "scale_factor": "1000",
    "spark_profile": "3.5_2.12"
  },
  "1": [
    7.515499999999999
  ],
  "2": [
    6.8004999999999995
  ],
  "3": [
    3.6225
  ],
  "4": [
    47.8725
  ],
  "5": [
    7.6795
  ],
  "6": [
    2.185
  ],
  "7": [
    7.339
  ],
  "8": [
    2.838
  ],
  "9": [
    9.8025
  ],
  "10": [
    3.699
  ],
  "11": [
    19.538
  ],
  "12": [
    1.5905
  ],
  "13": [
    9.0985
  ],
  "15": [
    2.6665
  ],
  "16": [
    7.282500000000001
  ],
  "17": [
    5.269
  ],
  "18": [
    4.6785
  ],
  "19": [
    2.037
  ],
  "20": [
    1.8615
  ],
  "21": [
    1.5265
  ],
  "22": [
    7.9485
  ],
  "25": [
    4.1865000000000006
  ],
  "26": [
    3.774
  ],
  "27": [
    5.496499999999999
  ],
  "28": [
    11.33
  ],
  "29": [
    13.803
  ],
  "30": [
    3.734
  ],
  "31": [
    7.643
  ],
  "32": [
    1.2585
  ],
  "33": [
    3.1025
  ],
  "34": [
    4.369
  ],
  "35": [
    6.5265
  ],
  "36": [
    5.6265
  ],
  "37": [
    3.2065
  ],
  "38": [
    13.31
  ],
  "40": [
    3.4955
  ],
  "41": [
    0.47550000000000003
  ],
  "42": [
    0.9824999999999999
  ],
  "43": [
    4.9445
  ],
  "44": [
    7.255
  ],
  "45": [
    2.505
  ],
  "46": [
    6.75
  ],
  "47": [
    7.842499999999999
  ],
  "48": [
    6.9485
  ],
  "49": [
    4.6385000000000005
  ],
  "50": [
    21.319499999999998
  ],
  "51": [
    11.392
  ],
  "52": [
    1.0705
  ],
  "53": [
    4.619
  ],
  "54": [
    3.173
  ],
  "55": [
    1.076
  ],
  "56": [
    3.16
  ],
  "57": [
    5.378
  ],
  "58": [
    2.3689999999999998
  ],
  "59": [
    7.6325
  ],
  "60": [
    3.2110000000000003
  ],
  "61": [
    2.425
  ],
  "62": [
    3.806
  ],
  "63": [
    4.538
  ],
  "64": [
    23.897
  ],
  "65": [
    23.063
  ],
  "66": [
    5.122
  ],
  "67": [
    63.94799999999999
  ],
  "68": [
    5.7795000000000005
  ],
  "69": [
    3.955
  ],
  "70": [
    9.124
  ],
  "71": [
    1.87
  ],
  "72": [
    10.876
  ],
  "73": [
    1.802
  ],
  "74": [
    16.22
  ],
  "75": [
    17.979
  ],
  "76": [
    7.6015
  ],
  "77": [
    1.7085
  ],
  "78": [
    32.1555
  ],
  "79": [
    3.9240000000000004
  ],
  "80": [
    6.653499999999999
  ],
  "81": [
    5.302
  ],
  "82": [
    4.621
  ],
  "83": [
    1.501
  ],
  "84": [
    1.69
  ],
  "85": [
    5.0435
  ],
  "86": [
    2.6174999999999997
  ],
  "87": [
    11.897
  ],
  "88": [
    20.628
  ],
  "89": [
    4.2010000000000005
  ],
  "90": [
    3.4105
  ],
  "91": [
    1.4095
  ],
  "92": [
    1.376
  ],
  "93": [
    25.1095
  ],
  "94": [
    6.3535
  ],
  "95": [
    22.464
  ],
  "96": [
    5.008
  ],
  "97": [
    12.504
  ],
  "98": [
    1.9859999999999998
  ],
  "99": [
    4.0215
  ],
  "14a": [
    66.83749999999999
  ],
  "14b": [
    46.1805
  ],
  "23a": [
    67.1325
  ],
  "23b": [
    75.949
  ],
  "24a": [
    27.211
  ],
  "24b": [
    25.778
  ],
  "39a": [
    7.774
  ],
  "39b": [
    7.247999999999999
  ]
}