{
  "engine": "comet",
  "benchmark": "tpcds",
  "format": "parquet",
  "arch": "unknown",
  "tags": {
    "name": "tpcds",
    "codec": "zstd",
    "engine": "comet",
    "format": "parquet",
    "shuffle": "auto",
    "comet_exec": "all",
    "scale_factor": "1000",
    "spark_profile": "3.5_2.12"
  },
  "1": [
    6.6325
  ],
  "2": [
    11.296
  ],
  "3": [
    3.5389999999999997
  ],
  "4": [
    42.13
  ],
  "5": [
    16.0765
  ],
  "6": [
    2.5905
  ],
  "7": [
    7.6775
  ],
  "8": [
    2.7664999999999997
  ],
  "9": [
    41.19
  ],
  "10": [
    4.798500000000001
  ],
  "11": [
    16.6935
  ],
  "12": [
    1.9075000000000002
  ],
  "13": [
    8.3805
  ],
  "15": [
    2.657
  ],
  "16": [
    15.8
  ],
  "17": [
    5.198
  ],
  "18": [
    4.775499999999999
  ],
  "19": [
    2.0535
  ],
  "20": [
    1.951
  ],
  "21": [
    1.6165
  ],
  "22": [
    10.1985
  ],
  "25": [
    4.18
  ],
  "26": [
    3.6559999999999997
  ],
  "27": [
    5.875500000000001
  ],
  "28": [
    41.400000000000006
  ],
  "29": [
    12.814499999999999
  ],
  "30": [
    3.683
  ],
  "31": [
    6.7405
  ],
  "32": [
    1.5375
  ],
  "33": [
    3.2175000000000002
  ],
  "34": [
    4.367
  ],
  "35": [
    6.285500000000001
  ],
  "36": [
    6.1295
  ],
  "37": [
    8.221
  ],
  "38": [
    13.931999999999999
  ],
  "40": [
    5.8815
  ],
  "41": [
    1.1164999999999998
  ],
  "42": [
    2.5195
  ],
  "43": [
    5.170999999999999
  ],
  "44": [
    25.598
  ],
  "45": [
    2.5675
  ],
  "46": [
    7.5
  ],
  "47": [
    8.979500000000002
  ],
  "48": [
    8.464500000000001
  ],
  "49": [
    8.951
  ],
  "50": [
    31.622500000000002
  ],
  "51": [
    10.7525
  ],
  "52": [
    1.5
  ],
  "53": [
    6.2330000000000005
  ],
  "54": [
    3.2664999999999997
  ],
  "55": [
    1.295
  ],
  "56": [
    3.4320000000000004
  ],
  "57": [
    5.213
  ],
  "58": [
    2.982
  ],
  "59": [
    17.828
  ],
  "60": [
    3.588
  ],
  "61": [
    4.023
  ],
  "62": [
    10.6945
  ],
  "63": [
    5.3575
  ],
  "64": [
    39.058
  ],
  "65": [
    13.0225
  ],
  "66": [
    5.6965
  ],
  "67": [
    58.116
  ],
  "68": [
    2.9850000000000003
  ],
  "69": [
    4.6395
  ],
  "70": [
    11.1165
  ],
  "71": [
    2.0905
  ],
  "72": [
    14.392
  ],
  "73": [
    1.939
  ],
  "74": [
    14.888
  ],
  "75": [
    20.826500000000003
  ],
  "76": [
    19.8905
  ],
  "77": [
    1.883
  ],
  "78": [
    33.607
  ],
  "79": [
    4.1065
  ],
  "80": [
    9.498999999999999
  ],
  "81": [
    5.681
  ],
  "82": [
    16.321
  ],
  "83": [
    2.0175
  ],
  "84": [
    3.9284999999999997
  ],
  "85": [
    6.912
  ],
  "86": [
    4.362
  ],
  "87": [
    13.2085
  ],
  "88": [
    57.921499999999995
  ],
  "89": [
    4.8945
  ],
  "90": [
    11.091000000000001
  ],
  "91": [
    1.6255000000000002
  ],
  "92": [
    1.565
  ],
  "93": [
    51.4765
  ],
  "94": [
    12.693
  ],
  "95": [
    30.4705
  ],
  "96": [
    12.237
  ],
  "97": [
    12.588000000000001
  ],
  "98": [
    2.2845
  ],
  "99": [
    11.4715
  ],
  "14a": [
    49.5975
  ],
  "14b": [
    47.707499999999996
  ],
  "23a": [
    85.717
  ],
  "23b": [
    119.332
  ],
  "24a": [
    47.7055
  ],
  "24b": [
    44.661
  ],
  "39a": [
    5.699
  ],
  "39b": [
    5.2835
  ]
}